ID,Title,Date,Image,Text
3192897,طائب: آمریکا به دنبال جنگ مدیریت شده است,۱۳ آبان ۱۴۰۳ - ۱۷:۲۵,https://newsmedia.tasnimnews.com/Tasnim/Uploaded/Image/1403/08/13/1403081317261582131359964.jpg,به گزارش خبرنگار دانشگاهخبرگزاری تسنیم، مراسم بزرگداشت سالروز تسخیر لانه جاسوسی (13 آبان) به همت جامعه اسلامی دانشجویان دانشگاه تهران امروز در سالن شهید درودیان دانشکده حقوق و علوم سیاسی این دانشگاه با حضور جمعی از دانشجویان برگزار شد. حجت الاسلام حسین طائب مشاور عالی فرماندهی سپاه پاسداران و رئیس سابق سازمان اطلاعات سپاه پاسداران در این مراسم با اشاره به سه اتفاقی که طی 15 سال در 13 آبان‌ها رخ داده است، گفت: آمریکایی‌ها به شاه دستور دادند که قانونی را تصویب کند که طی آن یک نوع صیانت برای شهروندان آمریکایی داشته باشد. این اتفاق افتاد و در کابینه اعلم مصوبه کاپیتولاسیون در سال 42 تصویب می‌شود. وی ادامه داد: امام (ره) مقابل این کاپیتالاسیون می‌ایستد و در سخنرانی تاریخی خود می‌گوید اگر به یک سگ آمریکایی در ایران تعرض شود شاه مملکت بازخواست خواهد شد. پس از این سخنان شب 13 آبان به خانه امام در قم یورش بردند و با یک هواپیمای نظامی ایشان را تبعید کردند. حجت الاسلام طائب یادآور شد: 14 سال گذشت و انقلاب اوج گرفت و در روز 13 آبان در اوج مبارزه مردم با رژیم دیکتاتوری شاه، رژیم 56 نفر را به شهادت رساند که میان آنها تعدادی دانش آموز هم بودند و مبدا روز دانش آموز شد. پس از آن امام پیام داد که صبوری کنید پیروزی نزدیک است. چندماه بعد انقلاب اسلامی پیروز شد و ورق برگدانده شد. رئیس سابق سازمان اطلاعات سپاه پاسداران خاطرنشان کرد: پس از پیروزی انقلاب، مقر سفارت امریکا به یک مرکز فرماندهی و هدایت ضد انقلاب ایرانی و عاملی برای تثبیت نشدن انقلاب ایران تبدیل شد. سفارت آمریکا شبکه هدایت ناامنی در داخل شده بود و به همین خاطر دانشجویان لانه جاسوسی را تصرف کردند که امام آن را انقلاب دوم نامید. وی با طرح این سوال که چرایی راهبرد امریکایی‌ها در مدیریت تنش در مقابل پذیرش هزینه‌های اسراییل در گسترش تنش در تساعدِ در جنگ چیست؟، گفت: آمریکایی‌ها در 249 سال پیش و در بیانیه استقلال خود به 10 عنصر مهم از جمله زندگی، ازادی، خوشبختی، برابری، حقوق بشر و  تعصب مذهبی اشاره می‌کنند و پس از آن با 3 عنصر پرستیژ و قدرت نظامی و ثروت؛ قانون اساسی خود را تصویب کردند و 159 سال با آن حرکت و نقش قدرت نظامی خود را تا پایان جنگ جهانی دوم بیشتر کردند. حجت الاسلام طائب تصریح کرد: آمریکا پس از پایان جنگ جهانی دوم گفت قدرت‌ها در جهان به شرق و غرب یعنی شوروری و آمریکا تبدیل شود، 1948 هم اسراییل را تاسیس کردند. بعد هر دو ایستادند که انقلاب اسلامی شکل نگیرد و برای ما کودتا و جنگ تعریف کردند تا اینکه بوش پدر نظم نوین جهانی با محوریت جهانی اعلام کرد. آنها فکر کردند با فروپاشی شوروری، انقلاب مذهبی ایران نیز با کودتا و جنگ شکست خواهد خورد. لذا قرن 21 را قرن آمریکایی اعلام کردند. اما 35 سال گذشت و رسیدیم به الان که آنها می‌گویند نتوانستیم دهکده جهانی را با مدیریت آمریکا بسازیم. رئیس سابق سازمان اطلاعات سپاه پاسداران جدیدترین استراتژی آمریکایی‌ها را تعیین سرنوشتشان تا سال 2030 عنوان کرد و گفت: آنها می‌خواهند به دکترین نیکسون برسند و با قدرت بخشیدن به اسراییل پیوند بین اعراب و اسراییل را ایجاد کنند و به نوعی آشتی کنان بین آنها برقرار کنند. آنها با جنگ ترکیبی در ایران در سال 1401 یک بار این کار را امتحان کردند و حالا با جنگ نظامی کنترل شده این قصد را دارند. وی در ادامه سخنان خود افزود: آنها 2021 با جهاد اسلامی جنگ را آغاز کردند. آن زمان حماس به کمک جهاد اسلامی نیامد و آنها 11 روز تنها جنگیدند. بعد به حماس رسیدند و با یک طرح هدفمند مثل افزایش مالیات در غزه، محاصره را تنگ تر کردند. همچنین غذا و دارو به مردم غزه نرساندند و با اهانت به مسجد الاقصی و تحریک مردم قصد ایجاد درگیری و تنش و عملیات مقطعی در مرز را داشتند پس ظرف سه ماه، 17 عملیات انجام دادند. حجت الاسلام طائب در جمع دانشجویان دانشگاه تهران گفت: حماس عملیات پیش دستانه انجام داد و در دفاع تهاجم کرد و با عملیات طوفان الاقصی تمام محاسبات اسراییل و امریکا را برهم زد. حالا اسراییل بعد این رسوایی به دنیال یک پیروزی تمام عیار است. همچنین آن طرح آشتی کنان بین اسراییل و اعراب که گفتم فعلا در بایگانی رفته است. رئیس سابق سازمان اطلاعات سپاه پاسداران با اشاره به ترور رهبران حماس به دست اسرائیل اظهار داشت: اسرائیل امروز جنگ را به تساعد رسانده تا بقای خود را حفظ کند. نتانیاهو اگر موفقیت کسب نکند استیضاح خواهد شد. دموکرات‌های امریکا نیز که بعد 2020 همه چیز را گرفتند فکر می‌کردند قدرت را از دست نمی‌دهند اما دادند. الان هم نگران هستند ریاست جمهوری را از دست بدهند و در خصوص 2030 هم می گویند باید تا آن زمان سه تنش بین المللی چین، روسیه و ایران را کنترل کنیم. وی با تاکید بر اینکه ترور دو رهبر حماس به دست اسرائیل تاثیری نداشته و حماس هنوز زنده است، بیان داشت:  امروز از حماس موشک به سمت تل آویو شلیک می‌شود این یعنی حماس زنده است. شما جنگ 33 روزه 2006 را با جنگ امروز مقایسه کنید، آن موقع چقدر پیش روی داشتند حالا چقدر دارند. ارتش آنها فکر می‌کرد می توانند با ترور سید حسن نصرالله حزب الله را تضعیف کنند، اما امروز از چهار موشک حزب الله دوتای آن به تل آویو می‌خورد؛ یعنی 50 درصد موشک های هدایت شونده حزب الله به هدف می‌خورد و تا خانه نتانیاهو می‌رسد و معادلات آمریکایی‌ها را بهم می‌زند. حجت الاسلام طائب ادامه داد: آنها فکر نمی‌کردند وعده صادق دو شکل بگیرد حالا هم فکر می‌کنند وعده صادق 3 رخ نخواهد داد. آمریکا جنگ مدیریت شده می‌خواهد یعنی اسراییل بزند و مقاومت عراق، یمن و ایران نزند و جنگ را برای تضعیف استفاده کند. پس جنگ را تمام نخواهد کرد‌. رئیس سابق سازمان اطلاعات سپاه پاسداران در پاسخ به سوالی در خصوص اینکه راهبرد آمریکایی‌ها در انتخابات ریاست جمهوری ایران چه بود؟ گفت: آنها همیشه در یک دوگانگی در خصوص ایران قرار می‌گیرند که آیا حاکمیت دوگانه به نفعشان است یا کاهش مشارکت؟ تا قبل از این راهبردشان همیشه حاکمیت دوگانه بود، اما در این انتخابات برعکس شد و گفتند مردم ایران 30 درصد بیشتر شرکت نخواهند کرد. در دور اول هم خوشحالی زودهنگام به آنها دست داد، اما دور دوم دیدند این راهبردشان هم فایده ندارد. پس اگر می‌گوییم در جنگ ترکیبی هستیم همیشه باید نقش دشمن را خوب رصد کنیم. وی با اشاره به اینکه آمریکایی‌ها می‌گفتند تا 2030 کاری می‌کنیم که ایران دیگر چالش ما نباشد خاطرنشان کرد: آنها قصد داشتند با این جنگ ترکیبی امنیتی و فشارهای اقتصادی حتما ایران را به دوراهی بکشاند. می‌گفتند ایران یا پای میز مذاکره امتیاز می‌دهد یا منزوی خواهد شد یعنی نه در داخل کاری خواهد کرد و نه از مقاومت حمایت. اما بعد انتخابات ریایت جمهوری کشور ورق برگشت. دولت اقای رییسی تلاش کردند که امریکا موفق نشود. به همین خاطر ما در دولت اقای رییسی شاهد یکپارچی ایران بودیم و حتی روابطمان را با آذربایجان که می‌خواستند بهم بخورد نیز خوب شد. آمریکا قصد داشت دعوای همسایگی با اذربایجان افغانسان و روسیه برای ایران ایجاد کند. حجت الاسلام طائب یکپارچگی داخلی را نیاز مهم امروز کشور دانست و گفت: باید به وجه اشتراک‌ها بیشتر توجه کنیم. رئیس سابق سازمان اطلاعات سپاه پاسداران در پاسخ به سوالی در خصوص صحبت‌های رئیس جمهور در سازمان ملل و چگونگی تاثیر آن بر دیپلماسی کشور گفت: آقای پزشکیان با سبک خودش با امریکایی ها صحبت می‌کند و می‌گوید اگر صلاحتان را زمین بگذارید ما هم زمین می‌گذاریم، پس حالا که زمین نمی‌گذارید ما هم نمی‌گذاریم. در وعده صادق یک آمریکایی‌ها پیام خود را به انگلیس دادند آنها به شهید امیرعبداللیان تماس گرفتند که شما نزنید ما جنگ را تمام می‌کنیم‌، ایشان هم گفته بود ما سر زمان خودش کار را انجام می‌دهیم. اما در وعده صادق دو آمریکایی‌ها دیگر انگلیس را واسطه نکردند وذبه سورت مستقیم و مکتوب همان حرف قبل را تکرار کردند، ما هم همان حرف قبل را زدیم چرا چون که منطق جنگ را میدان تعیین می کند. وی با اشاره به اینکه نتانیاهو تساعد در جنگ را می‌خواهد یادآور شد: وقتی مقر شهید صفی الدین را که زدند گفتند سردار قاآنی هم آنجا بوده و مجروح شده اما براورد اشتباه و گزارش ضعیف داشتند. حجت الاسلام طائب در پاسخ به سوالی در خصوص دست داشتن دشمن در سانحه بالگرد رئیس جمهور نیز گفت: عدله شهادت می‌دهد که این یک سانحه بوده و بیخود نمی‌شود کار دشمن را بزرگ نمایی یا کوچک نمایی کرد و نمی‌شود در مقام تحلیل بدون بررسی و روی حدس و گمان حرفی زد. رئیس سابق سازمان اطلاعات سپاه پاسداران در پاسخ به سوالی در خصوص حادثه چند ماه گذشته در اصفهان نیز گفت: اتفاقی که در اصفهان افتاد را اسرائیلی ها گردن نگرفتند و جلسات متعددی در خصوصش برگزار شد. پدافند هوایی کشور زیر نظر ارتش است و نظر ستاد کل نیروهای مسلح این بود که این اتفاق از داخل اتفاق افتاده است. وی همچنین در خصوص مساله ترور شهید هنیه نیر تصریح کرد: این نیست که بگوییم در جنگ اطلاعاتی و امنیتی ما عقب هستیم نه اینطور نیست بزن و بخور داریم. در ترور هنیه جنگ، جنگ تکنولوژی بود. بپذیرید امریکایی 100 سال در حوزه موشکی جلوتر از ما هستند. بیش از  نیمی از بودجه نظامی کل جهان برای انهاست. ما در آفرد در موشکی به تکنولوژی رسیدیم و در پدافند نیز باید برسیم. اینکه می‌گویند اگر ایران زودتر انتقام شهید هنیه را می‌گرفت شاید اسرائیل سدحسن نصرالله را نمی‌زد تحلیل درستی نیست. راهبرد اسرائیل در تصاعد در جنگ است و کسی که در تصاعد در جنگ است به بازدارندگی دیگر فکر نمی‌کند؛ شما اگر بازدارندگی ایجاد بکنی برای آمریکایی‌ها ایجاد می‌کنی؛ نتانیاهو تصاعد در جنگ را می‌خواهد. بعد از آنکه وعده صادق 2 را انجام دادیم بلافاصله اسرائیل با 85 تن بمب مقر حزب الله و شیخ صفی‌الدین را زد. اینکه به راهبرد تساعد در جنگ اسرائیل باید سرعت داد یا کم کرد همه اینها در میدان مشخص می‌شود. آمریکایی‌ها نمی‌خواهند پای‌شان در جنگ خیس شود؛ اما اسرائیلی‌ها می‌خواهند پای آنها را به جنگ باز کنند. عملیات اسرائیلی‌ها علیه ایران دقیقا در اتاق جنگ پیش‌بینی شده و سناریوی آنها کاملاً خوانده شده بود. حجت الاسلام طائب در سخنان پایانی خود گفت: در وعده صادق 3 مصداق آیه«مِن حَیثُ لا یَحتَسِبُ» را خواهید دید و از آنجایی که فکر نمیکنید تصویر آمریکا و اسرائیل عوض خواهد شد. انتهای پیام/
3192783,آیین رونمایی از شعار هفته بسیج برگزار شد,۱۳ آبان ۱۴۰۳ - ۱۵:۱۴,https://newsmedia.tasnimnews.com/Tasnim/Uploaded/Image/1403/08/13/1403081314562766031357374.jpg,به گزارش گروه دفاعیخبرگزاری تسنیم، آیین رونمایی از شعار هفته بسیج سال 1403 با حضور سردار معروفی معاون هماهنگ‌کننده سازمان بسیج مستضعفین برگزار و طی این مراسم از شعار محوری هفته بسیج سال جاری با عنوان «بسیج با مردم برای مردم» رونمایی شد. سردار معروفی در حاشیه این مراسم اظهار کرد: حضرت امام خمینی (ره) با تشکیل بسیج، آن را به سپاه پاسداران انقلاب اسلامی واگذار کردند و مسئولیت حفاظت و حراست و نگهبانی از انقلاب اسلامی و دستاوردهایش و همچنین پیش‌برندگی و پیش‌روندگی انقلاب را برای سپاه و بسیج ترسیم کردند. وی گفت: فلسفه وجودی سپاه پاسداران انقلاب اسلامی، مثلث اعتقادی، انقلابی و مردمی است که ضلع مردمی آن بسیج مستضعفین است. سردار معروفی با بیان اینکه انقلاب اسلامی با مردم تعریف می‌شود، عنوان کرد: بسیج متعلق به مردم، از مردم، با مردم و برای مردم است و زیبایی بسیج در همه عرصه‌ها مشخص است. معاون هماهنگ کننده سازمان بسیج مستضعفین در ادامه عنوان کرد: مردم 45 سال پای انقلاب اسلامی ایستادند و از همه بحران‌ها عبور کردند و دفاع مقدس را مدیریت کردند و امروز نیز در مقابل همه دشمنان انقلاب اسلامی ایستاده‌اند. سردار معروفی تصریح کرد: بسیج تکیه گاه مردم است چون متعلق به مردم است؛ بسیج متعلق به یک گروه، جناح و یک حزب نیست، چون متعلق به همه ملت ایران است و همه ملت بزرگ ایران در بسیج جای دارند، چون بسیج از آنهاست. معاون هماهنگ کننده سازمان بسیج مستضعفین افزود: وقتی می‌گوییم بسیج با مردم است بدین معناست که با خود مردم، امنیت ساز برای مردم است؛ با خود مردم، اقتصاد را مستحکم و مقاوم می کند؛ با خود مردم، پیگیری مسائل اجتماعی و از بین بردن ناهنجاری‌های این حوزه است؛ با خود مردم، فرهنگ مقاومت و شهادت را ترویج می کند؛ با خود مردم پیش برندگی در حوزه علم و مرجعیت علمی را دنبال می کند. سردار معروفی خاطرنشان کرد: بسیج با مردم و متعلق به مردم است؛ همه مردم در بسیج جای دارند و نگاه بسیج مستضعفین به مردم، قومی و مذهبی و سیاسی نیست؛ بسیج افتخار می کند که جان فدای ملت ایران در همه عرصه‌هاست. انتهای پیام/
3192789,عملیات «وعده صادق ۳» حتمی است,۱۳ آبان ۱۴۰۳ - ۱۵:۱۲,https://newsmedia.tasnimnews.com/Tasnim/Uploaded/Image/1403/08/10/1403081023031783431330734.png,به گزارش خبرنگار گروه دانشگاهخبرگزاری تسنیم، سردار علی فدوی جانشین فرمانده‌کل سپاه پاسداران در دانشگاه شریف و در جمع خبرنگاران در پاسخ به سوالی درباره زمان عملیات وعده صادق 3 (پاسخ به اسرائیل) نیز گفت: درباره جزئیات آن نمی‌توان اظهارنظر کرد اما حتماً انجام خواهد شد. جانشین فرمانده سپاه درپاسخ به سوال یگی درباره برخی اقدامات و رویکردهای دولت آذربایجان گفت: آذربایجان کشور شیعه است و اشتباه حکام  آن‌ها ارتباطی با مردم آن ندارد. وی افزود: برخی از مواقع حکام آن‌ها بدون آگاهی از عواقب و منافع اقداماتی انجام می‌دهند که این فضا نیازمند تعامل است. انتهای پیام/
3192733,فدوی: برخی کشورهای عربی به صهیونیست‌ها کمک می‌کنند,۱۳ آبان ۱۴۰۳ - ۱۴:۵۷,https://newsmedia.tasnimnews.com/Tasnim/Uploaded/Image/1403/08/13/1403081317072691331359594.jpg,به گزارش خبرنگار گروه دانشگاهخبرگزاری تسنیم، سردار علی فدوی، جانشین فرمانده کل سپاه‌ پاسداران در مراسم روز استکبارستیزی دانشگاه صنعتی شریف که به همت بسیج دانشجویی این دانشگاه با عنوان ایستاده بر عهد با اشاره به حادثه 13 آبان و 45 سال تقابل استکبار با انقلاب اسلامی گفت: امام راحل همان روزهای اول انقلاب فرمودند آمریکا هیچ غلطی نمی تواند انجام دهد و با گذشت 45 سال از عمر انقلاب این سخن تحقق یافته است.  آمریکایی ها به اذئان وزیر خزانه داری این کشور که چند وقت پیش با صراحت اعلام کرد در این 45 سال پیروزی در قبال ایران کسب نکردند. وی با اشاره به اینکه امکانات مادی و دنیایی ما با امریکا قابل قیاس نیست ولی چرا دشمن اعتراف می کند که نتوانستیم پیروزی قابل توجهی در قبال ایران کسب کنیم، افزود: خداوند وعده داده اگر در جبهه حق و حزب خدا باشید پیروز هستید به شرط اینکه برای خدا کار کنید و تکالیفی را که او مقدر کرده است انجام دهید‌. فدوی در خصوص وظایف دانشجویان به خصوص دانشجویان شریف، در این روزها گفت: در این 45 سال پای هر کاری رفتیم خدا کمک کرد و موفق شدیم. در برخی حوزه ها ما هیچ دانشی نداشتیم اما وقتی موضوعی را شروع کردیم به مدد بهره هوشی و تلاش جوانان به سرانجام خوبی رسیدیم. وی با اشاره به اینکه باید خود را قوی کنیم، گفت: آنها در حوزه تکنولوژی از ما پیشرفته تر هستند اگر ما بمبی می زدیم و ساختمان 20 طبقه انها پایین می آمد ایا جرات می کردند زنان و کودکان را انگونه مورد هجوم قرار دهند؟ باید قوی شویم و شما دانشجویان باید در این زمینه کمک کنید. خیلی از پروژه های دانشگاههای آمریکایی دفاعی است اما فرق آنها با ما این است که انها در تولیدات خود منفعت مظلومان را در نظر نمی گیرد و دنبال منافع خودشان هستند است اما در این طرف ما دنبال دفاع از مظلوم و ایستادگی در مقابل ظالم هستیم. امری که در این 45 سال انجام شده است. فدوی افزود: بیش از 45 هزار پاسدار شهید داریم و پای کار مظلومان دنیا بودیم و  هستیم. وی در ادامه یکی از خاصیتهای جنگ غزه را برملا شدن دروغ 96 ساله به دنیا درباره رژیم صهیونیستی ذکر کرد و گفت:  مردم دنیا فهمیدند 96 سال به انها دروع گفته بودند و فهمیدند رژیم صهیونیستی اشغالگر است. انها به واقعیتی دست یافتند که بیش از چند سال دروغ بود. به گفته مسئولان رژیم در بیش از 91 درصد کشورهای دنیا علیه اسراییل تظاهرات شد. وی با اشاره به اینکه ایران و مقاومت پای مردم غزه و فلسطین هستند، گفت:  برخی کشورهای عرب کمک کار اسراییل هستند و در پنهان با این رژیم ارتباط دارند اما کشورهای مقاومت مردم فلسطین را تنها نگذاشتند. فدوی از دانشجویان خواست برای مسائل و موضوعات مورد نیاز کشور راهکارهایی ارائه دهند و اقتصاد و معیشت مردم را مهمترین مسئله کشور خواند و گفت: اقتصاد کشور شان مردم و جمهوری اسلامی نیست و باید فکری کنیم. وی با بیان اینکه همواره در حال جنگ با استکبار بودیم و برای آن باید امادگی داشته باشیم، خاطرنشان کرد: زیرا جنگ حق و باطل همواره وجود داشته است‌. این افتخار ماست که در این میدان سردرمدار مبارزه با کفر هستیم‌. وی در ادامه نشست در پاسخ به سوال دانشجویی درباره اینکه چرا واقعیتهای تجاوزارت اخیر اسراییل به کشور گفته نمی شود، گفت: ما هرگز دورغ نمی گوییم اما همه راستها را هم نباید گفت. امروزه با حضور رسانه ها مطلبی پوشیده نمی ماند اما لزومی ندارد یک ارگان و نهادی رسمی مشغول پاسخگویی به موضوعاتی که گاها درست هم نیست شود. در شرایطی که کشور درگیر مسائل مختلفی است باید عملیات روانی مثبتی در جامعه داشته باشیم. فدوی خاطرنشان کرد: ما جلسات تبیینی زیادی با نخبگان و رسانه ها داریم و در ان جلسات نکات مورد نظر را مطرح می کنیم لذا مطلب پوشیده ای نداریم. وی در ادامه گفت: انقلاب اسلامی و سپاه پاسداران دست گروهایی را که در مقابل امریکا می ایستند را پر کرده است امریکا هم به این مسئله اذئان دارد. قانون اساسی ما با صراحت می گوید باید از مظلومان عالم دفاع کنیم. فدوی با اشاره به وجود ضعفهایی حوزه رسانه از سوی سپاه و نیروهای نظامی گفت: با این وجود اقدامات خوبی هم صورت گرفته که می شود روی آنها مانور داد‌ البته در این زمینه برخی موارد دست سپاه نیست. وی تاکید کرد: جنگ حق و باطل همیشگی است و ما باید برای جنگ آماده باشیم. رزمندگان حزب الله امروز رزمندگان جبهه مقاومت هستند، رزمندگان فلسطینی، یمنی و عراقی رزمندگان جبهه مقاومت هستند و ام القرای آنها ایران است. پای این جبهه ایستاده‌ایم و روز 13 آبان یکی از تجلیات بسیار خوب مبارزه با استکبار هست. فدوی همچنین گفت: در این 45 سال هیچ اقدامی نبوده انها علیه ما انجام داده باشند و ما جواب نداده باشیم. این رژیم نامشروع و کودکش است لذا هرگز پیروز نخواهد شد. انتهای پیام/
3192695,دیدار و گفتگوی عراقچی با دریادار ایرانی فرمانده نیروی دریایی,۱۳ آبان ۱۴۰۳ - ۱۳:۵۷,https://newsmedia.tasnimnews.com/Tasnim/Uploaded/Image/1403/08/13/1403081313542465131355604.jpg,به گزارش گروه سیاست خارجیخبرگزاری تسنیم، سیدعباس عراقچی وزیر امور خارجه  کشورمان با امیر دریادار شهرام ایرانی فرمانده نیروی دریایی و جمعی از فرماندهان نیروی دریایی ارتش جمهوری اسلامی ایران دیدار و گفتگو کرد. انتهای پیام/
3192665,دیدار خانواده شهدای اخیر پدافند هوایی با رهبر انقلاب,۱۳ آبان ۱۴۰۳ - ۱۳:۳۳,https://newsmedia.tasnimnews.com/Tasnim/Uploaded/Image/1403/08/13/1403081313330494531354944.jpg,به گزارش گروه سیاسیخبرگزاری تسنیم، حضرت آیت‌الله خامنه‌ای رهبر معظم انقلاب اسلامی ظهر امروز در دیدار خانواده‌های شهدای نیروی پدافند هوایی ارتش که در شرارت اخیر رژیم صهیونیستی به شهادت رسیدند، مقام این شهدا را عالی دانستند و گفتند: همه شهدا در جایگاه ممتاز و در جوار پروردگار از نعمت الهی برخوردار هستند اما شهادت این عزیزان به دلیل دفاع از کشور و ملت در مقابله مستقیم با رژیم صهیونیستی که خبیث‌ترین دشمن اسلام است، شهادت برجسته و مهمی است. رهبر انقلاب همچنین برای خانواده‌های این شهدا صبر و آرامش دل مسئلت کردند و افزودند: اجر خانواده‌های شهدا از شهدا کمتر نیست. در این دیدار خانواده‌های شهیدان حمزه جهاندیده، محمد مهدی شاهرخی‌فر، مهدی نقوی و سجاد منصوری حضور داشتند. این شهیدان از کارکنان نیروی پدافند هوایی ارتش بودند که بامداد شنبه 5 آبان در راستای دفاع از حریم امنیت ایران، حین عملیات مقابله با پرتابه‌های رژیم جنایتکار صهیونی به مقام والای شهادت نائل شدند. انتهای پیام/
3192476,سرلشکر سلامی: آمریکا و اسرائیل به مغرب خود نزدیک شده‌اند,۱۳ آبان ۱۴۰۳ - ۱۱:۱۸,https://newsmedia.tasnimnews.com/Tasnim/Uploaded/Image/1403/08/13/140308131059033531348254.jpg,به گزارش خبرنگار دفاعیخبرگزاری تسنیم، سردار سرلشکر حسین سلامی فرمانده‌کل سپاه پاسداران انقلاب اسلامی در مراسم یوم‌الله 13 آبان در تهران طی سخنانی اظهار داشت: امروز یوم‌الله است و روزی است که دانشجویان پیرو خط امام با تأیید امام امت به قلب استکبار در ایران هجوم آوردند. وی افزود: آنچه از آمریکا می‌شناسیم جنگ‌هایی است که بعد از پیروزی انقلاب اسلامی در جهان اسلام مدیریت کرد. آمریکا از 46 سال پیش به این طرف تلاش کرد سرزمین‌های اسلامی را میدان جنگ قرار دهد. فرمانده‌کل سپاه تأکید کرد: آمریکا در عراق سالها عقب‌ماندگی و بی‌ثباتی به‌ارمغان آورد و در افغانستان پس از بیست سال اشغال یک ارتش بزرگ را به‌وسعت مالی 85 میلیارد دلار به‌جای گذاشت. ما آمریکا ر ا با شکست‌هایش می‌شناسیم. وقتی نیروهای دلتا به‌اراده خداوند در طوفان شن سوختند، در حقیقت این جسد آمریکا بود که در طوفان شن گرفتار شده بود. وی ادامه داد: وقتی آمریکا با حمایت از صدام نتوانست بر اراده ملت ایران غالب شود این آمریکا بود که بخشی از غروب سیاسی خود را در این منطقه نظاره کرد. وقتی آمریکا نتوانست از تحریم اقتصادی خود طرفی ببندد و ملت ایران را تسلیم اراده سیاسی خود کند، این اراده ملت ایران بود که از فراز اراده دشمن عبور کرد و راه خود را برای بازیابی شکوه واقعی‌اش باز  کرد. سردار سلامی گفت: وقتی آمریکا نتوانست طرح صلح ابراهیم را پیاده‌سازی کند تمام خواب‌های سیاسی او آشفته شد. آمریکا آموخته است که از ملتهای بزرگ شکست بخورد، وقتی نتوانست سوریه را ساقط کند و حزب‌الله را نابود کند، آمریکا شکست خورد. وی تصریح کرد: از آن روز باشکوه الهی 22 بهمن تا امروز آمریکا هرچه تجربه و ابزار داشت همه را به‌کار گرفت تا بر ملت ایران غلبه کند اما تمام صفحات این تاریخ 45ساله پر است از شکست‌های بزرگ برای آمریکا و پیروزی‌های واضح برای ملت ایران و اسلام. امروز این آمریکا است که غروب سیاسی خود را نظاره می‌کند. فرمانده‌کل سپاه خاطرنشان کرد: آنچه امروز در صحنه و واقعیت‌های غم‌انگیز و انکارناپذیر منطقه راهبردی غرب آسیا به‌ویژه در غزه و لبنان آشکار شده است بزرگترین و معتبرترین دلیل و حجت برای رنگ باختن حقوق بشر آمریکایی است که تحت فرماندهی و حمایت‌های همه‌جانبه هیئت حاکمه واشنگتن صورت می‌پذیرد و خون ده‌ها هزار انسان مظلوم از کودکان، زنان، مردان و مردمان بی‌دفاع غزه تا لبنان تحت حملات وحشیانه و جنایات قرون وسطایی رژیم اهریمنی و نژادپرست صهیونیستی بر زمین ریخته شده است. آمریکایی‌ها و اسرائیلی ها به مغرب خود کاملاً نزدیک شده‌اند و مقاومت در زمان مناسب به آنها جواب می‌دهد. وی گفت: آمریکا یک هویت متناقض در عالم است، درحالی که از دموکراسی، آزادی، رفاه، امنیت، حقوق‌بشر، نظام جهانی و صلح جهانی صحبت می‌کند اما منشأ همه آشفتگی‌های سیاسی و نظامی در عالم، منشأ همه جنایت‌ها، قتل‌عام، تجاوزها، اشغالگری‌ها در جهان است. سردار سلامی با اشاره به سابقه سیاه آمریکا گفت: آمریکا را به حملات اتمی در ژاپن می‌شناسیم که در یک چشم‌ به‌هم‌زدن، صدها هزار انسان را سوزاند، ما آمریکا را با کودتاهای ننگین در جهان از جمله در سال 1332 در ایران می‌شناسیم که آغاز تسلط کامل سیاسی، نظامی، فرهنگی و اقتصادی بر ملت ایران برای 25 سال شد. آن را با حمایت از دیکتاتورها و ترویج نظام‌های مستبد در عالم می‌شناسیم. آن را به کشوری می‌شناسیم که به جغرافیای سرزمینی خود قانع نیست و در تصور خود از جهان، جغرافیای سیاسی به بخشی اعظمی از کره زمین را تصویر می‌کند و می‌خواهد با جنگ‌ها و اشغال‌ها و تجاوزها بر اراده سیاسی ملت‌ها حاکم شود. وی با بیان اینکه پدیده تروریسم تکفیری و ایجاد تفرقه‌های خونین در جهان اسلام محصول سیاست آمریکاست، گفت: او را برای نوسازی سیاسی منطقه غرب آسیا در منظومه سیاست‌های استعماری خود، در حمایت مطلق از رژیم اشغالگر فلسطین می‌شناسیم، او را با بمب‌هایی که روز و شب بر سر مردم فلسطین و لبنان فرود می‌آید، می‌شناسیم. فرمانده‌کل سپاه اضافه کرد: امروز حتی آمریکا، بخشی از کشورهای اروپایی و بخشی از متحدان آمریکا همه در یک ائتلاف حقیقی گردهم آمده‌اند تا یک جمعیت قلیل را در یک باریکه محاصره‌‌شده به‌‌نام غزه به زانو درآورند اما هر روز مشعل‌های مقاومت و ایستادگی، ثبات قدم و درخشش نور ایمان مردم و زنان مجاهد فلسطینی، شعله‌ها، پرتوها و امیدهای جدیدی از مقاومت را نشان می‌دهند، حتی آمریکا در این میدان به‌ظاهر کوچک هم توسط دستان کوچک فرزندان خردسال غزه در حال شکست‌ خوردن است. وی در ادامه گفت: هیچ چیز در جهان، امروز وفق مراد سیاسی آمریکا پیش نمی‌رود و سرانجام سرنوشت این منطقه به‌دست مسلمانان رقم خواهد خورد. امکان سلطه آمریکا بر جهان اسلام دیگر وجود ندارد. مردان و زنان جهان اسلام سعادت خویش را از درون میدان جهاد و شهادت یافته‌اند. آن‌ها فهمیده‌اند که تسلط بر قدرت‌های بزرگ کار سختی نیست و قدری استقامت، ایستادگی و ثبات می‌تواند این قدرت‌های مادی به‌ظاهر بزرگ را تسلیم اراده خود کند و امروز این واقعیت در حال رخ‌دادن است. سردار سلامی تصریح کرد: ملت‌های مسلمان آگاه شده‌اند، جوانان مسلمان امروز پیشانی‌بندهای جهاد را بر جبین خود بسته‌اند، آن‌ها فرمول جهاد را آموخته‌اند. شما به جنوب لبنان نگاه کنید که امروز جوانان عاشورایی حزب‌الله بعد از آن ضربات سخت که توسط رژیم صهیونیستی بر این جنبش وارد شد و شاید همگان تصور می‌کردند که این جریان جهادی عظیم به انتها خواهد رسید، اما شما می‌بینید حزب‌الله زنده، مطمئن، با اعتماد به نفس، قوی، شجاعانه و عاشورایی راه را بر صهیونیست‌ها بسته است. وی ادامه داد: حزب‌الله به شکست‌ نخوردن قانع نیست و می‌خواهد رژیم صهیونیستی و دنباله‌های بین‌المللی آن را در جنوب لبنان و فلسطین اشغالی دفن کند و سرانجام این سرنوشت به‌زودی رقم خواهد خورد. اسرائیلی‌ها و آمریکایی‌ها نمی‌توانند با قتل‌عام‌ها و کشتار مسلمانان راهی برای بقای سیاسی خود باز کنند. آن‌ها مثل رژیم‌های در حال فروپاشی عمل می‌کنند. نظامی‌های سیاسی زمان که به فروپاشی می‌رسند، کور، بی‌منطق، بی‌قاعده و خلاف قواعد عمل می‌کنند و تمام اصول انسانی را زیر پا می‌گذارند و امروز سرنوشت اسرائیلی‌ها همین‌گونه است. فرمانده‌کل سپاه متذکر شد: امروز رژیم صهیونیستی یک نظام منزوی و منفور در تمام عالم است و هیچ مقامی از هیچ کشور معتبری در جهان جز مقامات آمریکا که رژیم صهیونیستی بخش لاینفک از سیاست‌ها و ایالت پنجاه‌ویکم آمریکاست، هیچ مقام دیگری به این سرزمین پا نمی‌گذارد. آن‌ها در جهان منزوی هستند، نه ورزشکاران و نه سیاستمداران آن‌ها، نمی‌توانند در هیچ نقطه‌ای از جهان ظاهر شوند. امروز مقامات آمریکایی نمی‌توانند از عرض یک خیابان در یک پایتخت کشور اسلامی عبور کنند، مردم مسلمان آنها را درون خود فرو خواهند برد. وی با ابراز مجدد اینکه آمریکایی‌ها و اسرائیلی‌ها به مغرب خود کاملاً نزدیک شده‌اند، گفت: مقاومت در زمان جواب می‌دهد، میدان، میدان رقابت آستانه‌های تحمل است. مردان و زنانی که به خداوند متکی هستند و کاسه‌های سر خود را به خدا عاریه داده‌اند و برای عظمت اسلام می‌جنگند، از سلاح‌های دشمنان نمی‌ترسند. آن‌چه در اختیار دشمنان ماست، تمام‌شدنی است و این اجسام مادی (سامانه‌های پدافندی) تادها و پیکان‌ها مادامی که در پیرامون آن زبانه‌های آتش شعله می‌کشد، نمی‌توانند نقطه اتکای یک رژیم برای بقای سیاسی باشند. او همچنین گفت: اسرائیلی‌ها و آمریکایی‌ها بذرهای کینه، غضب و خشم را درون قلب، ایمان و سینه‌های ستبر جوانان و نوجوانان و حتی خردسالان مسلمان کاشته‌اند، بغض‌هایی که الی‌الابد همانند شمشیرهایی آخته علیه دشمنان اسلام به‌کار گرفته خواهد شد. آن‌ها فکر نکنند بغض‌های متراکم تنها در سینه‌های جوانان ما باقی خواهد ماند. این کینه‌ها و بغض‌ها تبدیل به سلاح، سازمان، نبرد و تاکتیک خواهند شد. مسلمانان اجازه نمی‌دهند حیثیت، کرامت و عزت آن‌ها زیر پای سلطه صهیونیسم و آمریکا قربانی و ذبح شود. سردار سلامی به آمریکا و رژیم صهیونیستی هشدار داد و گفت: ما همواره به آن‌ها هشدار می‌دهیم اگر رفتار خود را تغییر ندهند، به‌سوی فروپاشی و نابودی پیش خواهند رفت؛ این اراده امت اسلام است و این اراده به‌تدریج غلبه خواهد کرد، بخشی از راه پیموده شده است، ما در میانه راه هستیم، راه را با قوت ادامه می‌دهیم، ما از حرکت نمی‌ایستیم، جهاد مسیر ماست، ما در جهاد آموخته‌ایم که قدرتمند می‌شویم، ما صاحب یک قدرت پایان‌ناپذیر به‌نام اسلام هستیم، ما قدرتمند هستیم، هم با اعتقاد و ایمان خود کار می‌کنیم، ما سرانجام آن‌ها را شکست خواهیم داد، این را صحنه‌های آینده خواهد گفت، ما می‌گوییم و عمل می‌کنیم؛ مطمئن باشند. وی گفت: ملت بزرگ ایران قدرتمند، مطمئن، عظیم، پایان‌‍‌ناپذیر، بی‌انتها و پرطراوت است؛ روح این ملت از شهیدان، قرآن حکیم، سخنان حکیمانه رهبر خود الهام می‌گیرد؛ ما آموخته‌ایم چگونه باید دشمنان خود را شکست دهیم، مردان یک کارزار 45ساله هستیم، از میان صحنه‌های سخت عبور کرده‌ایم، ما یک جنگ با تمام ائتلاف قدرت‌های شیطانی عالم را در نابرابرترین شکل با پیروزی پشت‌سر گذاشته‌ایم، ما بر تمام سیاست‌های دشمن تا امروز غلبه کرده‌ایم و این میراث ماندگار شهیدان خود را حمل خواهیم کرد، بیرق در دستان فرزندان جوان این مملکت و سایر جوانان امت اسلامی است. فرمانده‌کل سپاه تصریح کرد: امروز وحدت در جهان اسلام بیش از هر زمان دیگری موج می‌زند. شهدا از هر نقطه‌ای از بلاد اسلامی با هم در یک سنگر به شهادت رسیده‌اند. (سردار عباس) نیلفروشان ما با سید حسن نصرالله با هم شهید شدند، (سپهبد) قاسم (سلیمانی) ما با ابومهدی المهندس شهید شد. آن شهید دیگر با فؤاد شکر و این از افغانستان، عراق، یمن بحرین، ایران، لبنان، سوریه و ترکیه و همه جا که مسلمانان هستند، جوانان برای یک جهاد بزرگ آماده می‌شوند. سردار سلامی در پایان گفت: ما تا فتح قله‌های بزرگ پیش می‌رویم و خداوند با ماست. انتهای پیام/+
3192436,رزمایش مرکب دریایی ایران آذربایجان ۲۰۲۴ برگزار می‌شود,۱۳ آبان ۱۴۰۳ - ۱۰:۳۸,https://newsmedia.tasnimnews.com/Tasnim/Uploaded/Image/1402/09/06/1402090611242776628860104.jpg,به گزارش گروه دفاعیخبرگزاری تسنیم، رزمایش مرکب دریایی ایران آذربایجان 2024 (AZIREX 2024) در محل دریای خزر برگزار می‌شود. رزمایش مرکب امداد و نجات دریای خزر با شعار همکاری برای صلح و دوستی coopration for peace and friendship فردا و با شرکت نیروهای دریایی ارتش جمهوری اسلامی ایران و آذربایجان برگزار می‌شود. مرحله اصلی رزمایش مرکب امداد و نجات دریای خزر با حضور نیروهای دریایی جمهوری اسلامی ایران و جمهوری آذربایجان  فردا و به میزبانی ناوگان شمال نیروی دریایی ارتش جمهوری اسلامی ایران برگزار می‌شود. هدف از برگزاری این رزمایش تحکیم امنیت جمعی پایدار و مبانی آن در منطقه و گسترش همکاری‌های چند جانبه میان کشورهای شرکت کننده و همچنین نشان دادن حسن نیت و توانایی این کشورها در راستای حمایت مشترک از صلح و دوستی و امنیت دریایی است. انتهای پیام/
3192354,سلامی: به هرچه برای غلبه بر دشمن نیاز باشد تجهیز می‌شویم,۱۳ آبان ۱۴۰۳ - ۰۹:۴۰,https://newsmedia.tasnimnews.com/Tasnim/Uploaded/Image/1403/08/13/1403081323460424631361882.jpg,به گزارش گروه دفاعیخبرگزاری تسنیم،‌ سردار سرلشکر حسین سلامی فرمانده‌کل سپاه پاسداران انقلاب اسلامی به‌مناسبت روز 13 آبان پیامی صادر کرد. متن این پیام به‌شرح ذیل است: بسم اللّه الرّحمن الرّحیم 13 آبان‌ماه روز ملی مبارزه با استکبار جهانی و سالروز تسخیر تاریخی لانه جاسوسی آمریکا در تهران به‌دست توانای دانشجویان مسلمان پیرو خط امام(ره) را که در حقیقت نقطه عطفی تاریخی و فراموش‌نشدنی در افشای ماهیت حقیقی آمریکا و خباثت‌های آن علیه ملت‌های آزادی‌خواه و حق‌طلب جهان است، گرامی می‌دارم. تاریخ 70 سال اخیر کشور عزیزمان حاوی سیاهه‌ای از خیانت‌ها و جنایت‌آفرینی‌های حاکمان ایالات متحده آمریکا علیه ایران و ایرانی است که کانون طراحی، برنامه‌ریزی و پشتیبانی آن سفارت این کشور در تهران بود که در 13 آبان‌ماه 1358 پس از کمتر از یک سال از پیروزی انقلاب و استقرار نظام مقدس جمهوری اسلامی با اراده سترگ، انقلابی و تاریخ‌ساز فرزندان ملت عظیم‌الشأن ایران در پاسخ به اقدام آمریکایی‌ها در پناه دادن به شاه خائن و مخلوع و عدم استرداد وی به کشور تسخیر شد. ملت ایران در 13 آبان بر بزرگترین امپراطوری تاریخ بشریت یعنی آمریکا غلبه کرد و تسخیر لانه جاسوسی آمریکا در تهران فقط تسخیر و یا دفن سیاست‌های آمریکا نبود که از پس این حماسه بزرگ اتفاق افتاد، بلکه فروپاشی و شکستن صلابت پوشالی و ظاهری یک ابرقدرت بی‌رقیب در تاریخ حیات بشری بود. بررسی و تحلیل رخداد‌ها و تحولات شگرف 45 سال اخیر در سطح منطقه و جهان بیانگر تأثیر اقدام شگفت‌آور و مقتدرانه دانشجویان مسلمان پیرو خط امام به‌عنوان مشت آهنین و جلوه‌ای از اراده و نفرت ضدآمریکایی ایرانیان در فروپاشی هیمنه ظاهری ابرقدرت آمریکاست که بستر‌ها و زمینه‌های ظهور بیداری و ایستادگی ملت‌ها علیه استکبار آمریکایی و سلطه قدرت‌های شیطانی را فراهم ساخت به‌گونه‌ای که امروز شاهد شکل‌گیری یک جبهه قدرتمند علیه سیاست‌های ضدبشری کاخ سفید در منطقه و بلکه دیگر جوامع حق‌طلب و سلطه‌ستیز عالم هستیم. آنچه امروز در صحنه و واقعیت‌های غم‌انگیز و انکارناپذیر منطقه راهبردی غرب آسیا به‌ویژه در غزه و لبنان آشکار شده است بزرگترین و معتبرترین دلیل و حجت برای رنگ باختن حقوق بشر آمریکایی است که تحت فرماندهی و حمایت‌های همه‌جانبه هیئت حاکمه واشنگتن صورت می‌پذیرد و خون ده‌ها هزار انسان مظلوم از کودکان، زنان، مردان و مردمان بی‌دفاع غزه تا لبنان تحت حملات وحشیانه و جنایات قرون‌وسطایی رژیم اهریمنی و نژادپرست صهیونیستی بر زمین ریخته شده است و در یکی از حساس‌ترین مقاطع تاریخی میدان رسوایی تمدن غربی و آزادی و دموکراسی آمریکایی قرار گرفته است. باند تروریست و جنایتکار قاتل شهیدان حاج قاسم سلیمانی، سید حسن نصرالله، اسماعیل هنیه، یحیی سنوار و ده‌ها و صد‌ها فرمانده و رزمنده شهید جبهه مقتدر مقاومت اسلامی طی سال‌های اخیر همان شرکت سهامی آمریکایی صهیونی است که امروز مورد نفرت و انزجار امت اسلامی بلکه جامعه بشریت و جبهه بیداری ضدسلطه واقع شده است. خط مبارزه ضدآمریکایی ملت ایران که از کودتای سیاه 28 مرداد علیه دولت ملی و مردمی دکتر مصدق شکل گرفته است امروز گستره‌ای فراتر از این سرزمین حتی آمریکا و اروپا را درنوردیده است و ضمن طنین افکندن فریاد رسوایی آمریکایی‌ها، منطق و عقلانیت مبارزه بین‌المللی علیه سردمداران کاخ سفید را در اقصی نقاط عالم متبلور و معتبر ساخته است. در موسم گرامیداشت حماسه شکوهمند تسخیر لانه جاسوسی آمریکا در تهران به دشمن شماره یک ملت ایران و سگ هار آن رژیم تروریست و تبهکار صهیونی هشدار می‌دهیم مقاومت اسلامی منطقه به‌فضل الهی و به‌مدد شجاعت مجاهدان و رزمندگان مؤمن که در میدان تحولات کنونی دست برتر را دارند، پاسخ دندان‌شکنی به جبهه شرارت خواهد داد و در این راه جبهه مقاومت و ایران اسلامی خود را به هرآنچه برای مقابله و غلبه پیروزمندانه با دشمن لازم است تجهیز خواهند کرد و در این راه مقدس هراسی از تهدید و عربده‌کشی اشرار حاکم بر واشنگتن و تل‌آویو ندارند. یاد، نام، خاطره و آرمان‌های حماسی شهیدان گرانقدر 13 آبان‌ماه را پاس می‌داریم و به‌اذن الهی در خیمه ولایت تحت فرمان ولی امر مسلمین و فرمانده معظم کل قوا حضرت امام خامنه‌ای (مدّ ظلّه العالی) در صف واحد و مستحکم، قدرتمندتر از گذشته کنار سایر ارکان و اجزای جبهه عظیم مقاومت ملت‌های مسلمان مهیای خلق پیروزی‌های بزرگ برای سرعت بخشیدن به زوال قطعی رژیم صهیونی و اخراج تمام‌عیار آمریکای متجاوز از منطقه غرب آسیا خواهیم بود. انتهای پیام/+
3192287,بیانیه وزارت دفاع به مناسبت یوم الله ۱۳ آبان,۱۳ آبان ۱۴۰۳ - ۰۸:۴۸,https://newsmedia.tasnimnews.com/Tasnim/Uploaded/Image/1403/08/13/1403081323460424631361882.jpg,به گزارش گروه دفاعیخبرگزاری تسنیم، وزارت دفاع و پشتیبانی نیروهای مسلح با صدور بیانیه‌ای با اشاره به اهمیت روز مهم و تاریخی یوم الله سیزده آبان اعلام کرد: این روز، نمادی از ایستادگی و مقاومت مظلومان جهان در برابر زیاده خواهی و سیاستهای ننگین استکبار جهانی است. در متن این بیانیه آمده است: سیزده آبان سندی مانا و پر افتخار از عدالت جویی و ظلم ستیزی نسلی است که اطاعت از طاغوت و پیروی از ظلم را بر نتافت و تحت زعامت پیر و مقتدای خود حضرت امام خمینی (ره) با همدلی و همبستگی مثال زدنی به استکبار جهانی و در راس آن آمریکای جنایتکار با صدای بلند «نه» گفت. سیزده آبان ظهور اراده ملتی است که هیچگاه از نثار جان و مال خود در راه انقلاب اسلامی دریغ نکرد و این اقتدار و عزت را به بهای خون هزاران شهید و رنج هزاران جانباز و صبر و شکیبایی خانواده‌های سرافراز آنان به جان خرید و امروز به فضل الهی مقتدرانه بر قله خود کفایی و پیشرفت ایستاده است. سیاست آمریکا از همان ابتدا مبتنی بر قتل و غارت بوده، نسل کشی سرخپوستان بومی آمریکا، قتل عام سه میلیون انسان در ویتنام، کشتار 172000 نفر در افغانستان و کمک تسلیحاتی و پشتیبانی از رژیم جعلی و منحوس صهیونی در نسل کشی مردم غزه و لبنان تنها گوشه‌ای از جنایات وحشیانه دولت آمریکا علیه بشریت است. با گذشت سالیان سال از اخراج آمریکایی‌ها از میهن اسلامی همچنان شاهد کینه و انتقام آنان از ملت ایران و شکل دادن انواع دسیسه و توطئه‌های ضد انسانی علیه مردم و نظام جمهوری اسلامی هستیم، اما ملت و نظام مستحکم ایران با وجود تمام این موانع با تاسی از رهنمودهای رهبر فرزانه انقلاب اسلامی ایران حضرت امام خامنه‌ای (مد ظله العالی) و نصب العین قرار دادن فرمایشات و تدابیر نورانی ایشان در مواجهه با نقشه‌های پلید دشمنان، آثار اقول هیمنه ساختگی و پوشالی آمریکا در جهان را به روشنی آشکار ساخته‌اند. وزارت دفاع و پشتیبانی نیروهای مسلح با گرامی داشت یاد و خاطره امام راحل (ره)، شهیدان انقلاب اسلامی به ویژه شهدای والا مقام دانش آموز و دانشجو بار دیگر اهمیت روز مهم و تاریخی یوم الله سیزده آبان را مورد تاکید قرار داده و یادآور می‌شود گرامی داشت این روز، نمادی از وحدت امت اسلامی، ظلم ستیزی، استقلال طلبی، آزادی خواهی، ایستادگی و مقاومت همه مظلومان جهان در برابر زیاده خواهی و سیاستهای ننگین و غیر انسانی استکبار جهانی است. انتهای پیام/
3192052,مرتضوی‌: تروریست‌های‌ تفتان را ۱۵ ساعته به هلاکت رساندیم,۱۲ آبان ۱۴۰۳ - ۱۵:۵۸,https://newsmedia.tasnimnews.com/Tasnim/Uploaded/Image/1401/10/20/1401102016023427026818104.jpg,به گزارشخبرگزاری تسنیماز زاهدان، سردار سیدحسن مرتضوی بعد از ظهر امروز در مراسم تکریم و معارفه استاندار سیستان و بلوچستان اظهار داشت: هر حرف و اقدامی باید از سر انصاف باشد و اگر این بود حتماً موجب رضایت خداوند است. همه عزیزان مستحضر هستند سپاه پاسداران و نیروی زمینی سپاه در راستای تامین امنیت استان همه داشته‌های خود را به کار گرفته است. فرمانده قرارگاه قدس جنوب شرق نیرو زمینی سپاه افزود: بالغ بر 10 هزار بسیجی طرح امنیت در قرارگاه قدس جنوب شرق نیرو زمینی سپاه جذب شده‌اند که بیش از 83 درصد آنها عزیزان بلوچ و اهل سنتی هستند که مثل یک پاسدار در جای جای استان امنیت استان را بر عهده دارند و همه سران طوایف در سیستان عزیز و بلوچستانی که جان ما محسوب می‌شود در تامین امنیت استان همراه ما هستند. شهادت عزیزان اهل سنت ما در میدان یکی دو تا نیست. خون شهدای شیعه و اهل سنت استان در هم تنیده است. وی خاطرنشان کرد: وزن و شأن این جلسه وحدت از سر منطق است. امروز وحدت به عنوان یک راهبرد و ضرورت و یک نگاه در این خطه از کشور دنبال می‌شود. نگاه همه ما به منافع اسلام و نظام است و در این مسیر کسی صحبت از مذهب و قومیت نمی‌کند. خواهش داریم اتفاق بسیار خوبی که در دولت در حال رخ دادن است برخی به سمت و سوی خاص سوق ندهند. اگر قرار است ظرفیت معادن این خطه فعال شود لازمه آن این است که دست به دست هم دهیم تا جوانان این خطه مشغول به کار شوند. سردار مرتضوی‌ اظهار داشت: برخی مسئولان با اظهاراتی نامناسب در حق امنیت سیستان و بلوچستان جفا می‌کنند؛ در برخی مناطق اهل سنت برای تامین امنیت به شهادت رسیده‌اند و اجازه نداده‌اند پاسداران آسیبی ببینید. وی افزود: امروز وحدت از سر منطق و راهبرد را در جلسه تودیع و معارفه استاندار سیستان و بلوچستان می‌بینیم، اما برخی اظهارات و حرف‌ها در شأن نبود و آب را به آسیاب دشمن می‌ریزد. فرمانده‌ ‌‌قرارگاه قدس‌ جنوب شرق سپاه تصریح کرد: امنیت بسترساز توسعه و پیشرفت است؛ در تمام تاریخ بلوچستان هیچگاه خیانت به حکومت را از این مردمان ندیده‌ایم و برخی از اظهارات ما نباید حرف‌های تجزیه‌طلبانه را به قوم عزیز بلوچ منسوب کند. وی ادامه داد: سیستانی‌ها در خط مقدم دفاع از نظام بوده‌اند و متاسفانه نگاه دشمن را امروز از زبان برخی مسئولان بیان شد؛ امروز برخی مسائل سطحی مطرح شد، در این منطقه سرداران بزرگی در طوایف تمام ظرفیت خود را برای امنیت به کار گرفته‌اند. فرمانده‌ ‌‌قرارگاه قدس‌ جنوب شرق سپاه تاکید کرد:امروز امنیت در منطقه سیستان و بلوچستان کاملا مردمی است و تمام حرکت های سپاه با مردم همراه بوده‌ایم و نیروهای امنیتی را از مردم تامین کرده‌ایم. سردار مرتضوی اضافه کرد: در کمتر از 15 ساعت تروریست‌هایی که به نیروهای فراجا در تفتان حمله کردند را به هلاکت رساندیم و این ممکن نبود مگر با همراهی مردم و بزرگان منطقه. آنها با حضور و رصد به موفیت نیروهای امنیتی کمک بزرگی کردند. فرمانده‌ ‌‌قرارگاه قدس‌ جنوب شرق سپاه خاطرنشان کرد: چرا برخی نمایندگان ذهنیت بی‌منطق‌ و نادرست را بیان می‌کنند‌؛ اگر دسترسی به اسناد ندارید در خدمت هستیم؛ امروز همه برای عمران سیستان و بلوچستان بسیج شده‌اند؛ چرا حرف‌های نادرست می‌زنید. وی اظهار داشت: سپاه یک لیست بلندبالایی از توانمندان اهل بلوچ را برای خدمت به دولت معرفی کرد؛ چرا برخی از نما‌یندگان حرف‌های نادرست بیان می‌کنند؛ ما حامی اهل بلوچ هستیم و این را در عمل نشان داده‌ایم نه در حرف. وی تاکید کرد: مسئولیت تامین امنیت این منطقه بر عهده قرارگاه قدس جنوب شرق نیرو زمینی سپاه است که این موضوع در اسناد بالادستی تاکید شده است. همه ظرفیت‌ها را برای تامین امنیت به کار گرفته‌ایم. امروز بیش از 70 درصد نیروهای فنی و تخصصی معدن طلای تفتان بومی هستند و این باعث افتخار است. نباید مواردی را مطرح کنیم که سرعت پیشرفت استان را کاهش دهد. امروز جای سران طوایف پشت تریبون این مراسم خالی بود. به سردار کرمی بابت زحمات مجاهدانه عرض خدا قوت دارم و برای آقای بیجار آرزوی توفیق دارم و ما در مسیر انتصاب ایشان تلاش زیادی داشتیم و از موافقات انتصاب ایشان بودیم. ما یک لیست 20 نفره مورد اجماع از میان نخبگان کارآمد بلوچ را تقدیم رئیس جمهور و کردیم برای بکارگیری که آقای بیجار از عناصر اصلی این لیست بود و نباید آدرس غلط به مردم بدهیم. انتهای پیام/
3191628,به‌کارگیری تجهیزات جدید در رزمایش سپاه در جنوب‌شرق,۱۲ آبان ۱۴۰۳ - ۱۰:۱۱,https://newsmedia.tasnimnews.com/Tasnim/Uploaded/Image/1399/11/24/1399112412061428922229944.jpg,به گزارش گروه دفاعیخبرگزاری تسنیم، سردار شفاهی جانشین قرارگاه قدس نیروی زمینی سپاه پاسداران انقلاب اسلامی و سخنگوی رزمایش شهدای امنیت درباره ابعاد مختلف این رزمایش گفت: این رزمایش بر اساس تدابیر فرمانده نیروی زمینی سپاه و مبتنی بر تمرینات مقابله با تهدیدات امنیتی و به‌دنبال شناسایی تحرکات تیم‌های تروریستی و مقابله با اقدامات شرارت‌آمیز نیابتی دشمن از سوی آنان، طراحی و اجرا شده است. وی افزود: در جریان این رزمایش و تنها 14 ساعت بعد از اقدام تروریست‌ها در منطقه گوهرکوه تفتان، محل اختفای آنان شناسایی و کشف گردید و بلافاصله توسط پهپادهای رزمی نیروی زمینی سپاه مورد هدف قرار گرفت که به هلاکت 4 تروریست و دستگیری تعدادی از آنها انجامید. سخنگوی رزمایش افزایش سطح آمادگی یگان‌ها، تقویت هماهنگی میان رده‌ها، تمرین به‌کارگیری آموزه‌های تئوری در میدان عملیاتی را از دیگر اهداف این رزمایش بیان کرد و گفت: در این رزمایش که با بهره‌گیری از بخشی از ظرفیت و توانمندی یگان‌های صابرین، نیروی مخصوص، هوانیروز، پهپادی، جنگال، مهندسی و همچنین مشارکت نیروهایی از فراجا و اداره‌کل اطلاعات و بسیج مردمی در حال برگزاری است، تعدادی از ادوات و تجهیزات نوین رزمی نیز مورد آزمون و آزمایش میدانی و عملیاتی قرار گرفته می‌شود و بخشی از تاکتیک‌ها و تکنیک‌های رزمی و دفاعی بِروزرسانی‌شده نیز در این رزمایش به‌کارگیری خواهد شد. سردار شفاهی تأکید کرد: در این رزمایش و به‌دنبال حادثه تروریستی در گوهرکوه تفتان، محدودیت‌هایی از جمله ایجاد و افزایش ایستگاه‌های کنترل تردد و بازرسی در بخشی از جاده‌های اصلی و فرعی به مرحله اجرا درآمده است که این محدودیت در راستای پاسداری و صیانت از امنیت مردم و شناسایی و انهدام باقیمانده‌های تیم‌های تروریستی در بخشی از منطقه رزمایش ایجاد شده است که از مردم فهیم منطقه به‌خاطر همکاری در اجرای ناگزیر این محدودیت‌ها و صبر و متانت و مشارکت و همراهی یکایک آنان در مقابله با اشرار مزدور و نفوذی و  انهدام تیم‌های تروریستی، صمیمانه سپاسگزاریم. انتهای پیام/+
3191241,ناو رزمی-اطلاعاتی «زاگرس» آماده الحاق به نیروی دریایی است,۱۱ آبان ۱۴۰۳ - ۱۴:۲۷,https://newsmedia.tasnimnews.com/Tasnim/Uploaded/Image/1400/09/06/1400090611544834524144114.jpg,به گزارش گروه دفاعیخبرگزاری تسنیم، دریادار شهرام ایرانی فرمانده نیروی دریایی ارتش جمهوری اسلامی درباره آخرین وضعیت ناو سهند عنوان کرد: ناوشکن سهند، به سرعت در حال آماده شدن است تا پس از شرکت در رزمایشی بزرگ به ماموریت تامین امنیت آب‌های شمال اقیانوس هند، اعزام شود. وی همچنین افزود: ناوشکن زاگرس هم جدیدترین و به‌روزترین ناوشکن نیروی دریایی ارتش و یک ناوشکن رزمی - اطلاعاتیِ مجهز به آشیانه برای حمل دائم یک بالگرد است که تجهیزات آن کامل نصب شده و منتظر ابلاغ ستادی برای به الحاق آن هستیم. انتهای پیام/
3191227,رزمایش عملیاتی سپاه علیه تروریست‌ها در جنوب شرق کشور,۱۱ آبان ۱۴۰۳ - ۱۴:۰۹,https://newsmedia.tasnimnews.com/Tasnim/Uploaded/Image/1400/10/02/1400100200291742524334224.jpg,به گزارش گروه دفاعیخبرگزاری تسنیم، رزمایش عملیاتی شهدای امنیت نیروی زمینی سپاه در منطقه جنوب شرق کشور در حال برگزاری است. سردار محمد پاکپور فرمانده نیروی زمینی سپاه با اعلام این خبر افزود: به دنبال حادثه تروریستی پنجم آبان ماه و شهادت جمعی از جان برکفان فراجا، رزمایش عملیاتی قرارگاه قدس نیروی زمینی سپاه که قرار بود در نوزدهم آبان ماه برگزار شود، از روز پنجم آبان ماه با تعقیب، رصد و انهدام بخشی از تیم تروریستی شروع و همچنان در حال اجرا است. وی افزود: این رزمایش در محیط عملیاتی واقعی برگزار می‌شود و تا رسیدن به اهداف عملیاتی مشخص ادامه خواهد داشت و زمانی برای پایان آن فعلا مشخص نیست. انتهای پیام/
3191076,ویترین تسنیم شماره ۷۷۷,۱۱ آبان ۱۴۰۳ - ۰۸:۵۰,https://newsmedia.tasnimnews.com/Tasnim/Uploaded/Image/1403/08/13/1403081323460424631361882.jpg,هر روز بخشی از مهمتریناخبارو گزارش‌های تسنیم را در ویترین تسنیم ببینید: 1- «خواهران غریب» غزه؛ روایتی از پایتخت کودکان قطع عضو جهان 2- حمله ترکیبی موفق حزب‌الله به مراکز نظامی مهم اسرائیل 3- اختصاصی|انهدام یک گروه تروریستی در کمین دستگاه امنیتی ایران  انتهای پیام/
3190935,پیام قاآنی به نعیم قاسم: کنار حزب‌الله خواهیم بود,۱۰ آبان ۱۴۰۳ - ۱۸:۱۲,https://newsmedia.tasnimnews.com/Tasnim/Uploaded/Image/1402/01/19/1402011918163824527349874.jpg,"به گزارش حوزه دفاعیخبرگزاری تسنیم، سردار اسماعیل قاآنی فرمانده نیروی قدس سپاه به‌مناسبت انتخاب حجت‌الاسلام‌والمسلمین شیخ نعیم قاسم دبیرکل جدید حزب‌الله لبنان اظهار داشت: اطمینان می‌دهم برادران شما در نیروی قدس تا ازاله و ریشه کنی شجره خبیثه صهیونیسم و آزادی فلسطین و قدس شریف، در کنار جنابعالی و حزب الله قهرمان خواهند بود. در این پیام آمده است: خداوند بزرگ را سپاسگزاریم که در مقطعی تاریخی و در انتخابی سرنوشت ساز، جنابعالی که شخصیتی مجاهد، قدیمی، با سابقه درخشان و محبوب در میان آحاد شیعیان و رزمندگان سرافراز مقاومت هستید، مسئولیت سنگین و ارزشمند دبیر کلی حزب الله قهرمان را به عهده گرفتید. وی خاطرنشان کرد: اینجانب ضمن گرامیداشت یاد و خاطره جاودانه و ارج نهادن به مقام والای مجاهد کبیر"" شهید سید حسن نصرالله"" و ادای احترام به شهید رشید و فداکار سید هاشم صفی الدین و فرماندهان، مسئولان و رزمندگان شهید حزب الله(رضوان الله تعالی علیهم) که در پی جنایات باند تبهکار صهیونی به درجه رفیع شهادت نائل آمده‌اند، از محضر خداوند بزرگ خواستارم. فرمانده نیروی قدس سپاه پاسداران انقلاب اسلامی افزود: انشاءالله مسیر نورانی و جهادی شهیدان با مدیریت و رهبری جنابعالی با سرعت و صلابت بیشتر ادامه یابد. سردار قاآنی تصریح کرد: اطمینان می‌دهم برادران شما در نیروی قدس تا ازاله و ریشه کنی شجره خبیثه صهیونیسم و آزادی فلسطین و قدس شریف، در کنار جنابعالی و حزب الله قهرمان خواهند بود. انتهای پیام/"
3190373,موسوی: انتخاب نعیم قاسم نشانگر عزم حزب‌الله در مبارزه است,۰۹ آبان ۱۴۰۳ - ۱۷:۰۴,https://newsmedia.tasnimnews.com/Tasnim/Uploaded/Image/1403/01/27/1403012710123423729818554.jpeg,به گزارش حوزه دفاعیخبرگزاری تسنیم، امیر سرلشکر سیدعبدالرحیم موسوی فرمانده‌کل ارتش جمهوری اسلامی ایران، طی پیامی انتخاب حجت‌الاسلام والمسلمین شیخ نعیم قاسم را به عنوان دبیرکل جدید حزب‌الله لبنان تبریک گفت و اظهار داشت: این انتخاب گویای عزم و اراده حزب الله بر ادامه مسیر مبارزه با رژیم منحوس و جعلی صهیونی تا تحقق آرمان‌های بلند جبهه مقاومت است. متن پیام به شرح زیر است: بسم‌الله‌الرحمن‌الرحیم «فان حزب الله هم الغالبون» برادر ارجمند حضرت حجت‌الاسلام و المسلمین آقای شیخ نعیم قاسم دبیر کل محترم حزب الله لبنان و همرزم دیرین و جانشین شایسته سید مقاومت، شهید والامقام سید حسن نصرالله انتخاب هوشمندانه جنابعالی در جایگاه رفیع دبیر کل حزب الله لبنان با پیشینه درخشان در آزادسازی لبنان و مبارزه با صهیونیست، گویای عزم و اراده حزب الله بر ادامه مسیر مبارزه با رژیم منحوس و جعلی صهیونی تا تحقق آرمان‌های بلند جبهه مقاومت است. با تبریک و آرزوی توفیقات آن مجاهد خستگی‌ناپذیرراه حق، یقین داریم خون مردم بی‌گناه  لبنان و غزه و رهبران، فرماندهان و رزمندگان غیور جبهه مقاومت در مبارزه با کفر، موجب  اتحاد و انسجام امت اسلامی و نویدبخش نصرت الهی و ان‌شاالله اعتلا و پیروزی نهایی بر دشمن پلید صهیونیستی خواهد بود. فرمانده کل ارتش جمهوری اسلامی ایرانسرلشکر سید عبدالرحیم موسوی انتهای پیام/
3190218,باقری: انتخاب شیخ نعیم قاسم عزم حزب‌الله را مستحکم‌تر می‌کند,۰۹ آبان ۱۴۰۳ - ۱۴:۱۴,https://newsmedia.tasnimnews.com/Tasnim/Uploaded/Image/1403/08/13/1403081323460424631361882.jpg,"به گزارش حوزه دفاعیخبرگزاری تسنیم، سردار سرلشکر محمد باقری رئیس ستادکل نیروهای مسلح در پیامی به‌مناسبت انتخاب شیخ نعیم قاسم به‌عنوان دبیرکلی حزب‌الله لبنان اظهار داشت: امّت اسلامی و مجاهدان مؤمن راه آزادی قدس شریف اطمینان دارند جانشین صالح و  سلحشور ""سید شهید مقاومت""، حزب‌الله قهرمان و سرافراز را مقتدر و با صلابت هدایت و همچنان مایه مجد، عظمت و افتخار جبهه عظیم مقاومت به‌ویژه لبنان عزیز قرار خواهد داد. متن این پیام به‌شرح زیر است: برادر مکرّم و مجاهد جناب حجت الاسلام والمسلمین شیخ نعیم قاسم سلام علیکم؛ انتخاب تاریخی جنابعالی به سمت ""دبیرکل حزب‌الله لبنان"" در شرایط خطیر کنونی را که جلوه‌ای از اقتدار، آمادگی و ظرفیت‌های بالندۀ جبهۀ سرافراز مقاومت و حزب‌الله قهرمان لبنان برای عبور از بحران‌ها و غلبۀ محتوم بر دشمن خون‌آشام صهیونیستی است، تبریک و تهنیت عرض می‌نمایم. امّت اسلامی و مجاهدان مؤمن راه آزادی قدس شریف اطمینان دارند جانشین صالح و  سلحشور ""سید شهید مقاومت""، حزب‌الله قهرمان و سرافراز را مقتدر و با صلابت هدایت و همچنان مایه مجد، عظمت و افتخار جبهه عظیم مقاومت به‌ویژه لبنان عزیز قرار خواهد داد. به‌اذن‌الله این انتخاب مبارک سپر مقاومت و عزم و اراده رزمندگان تاریخ‌ساز حزب‌الله علیه جبهه شرارت را مستحکم‌تر و درخشان‌تر می‌سازد و روند فروپاشی رژیم بی‌هویت و جنایتکار صهیونیستی را سرعت خواهد بخشید. عزت و موفقیت روزافزون آن عالم فرهیخته و رهبر خردمند و شجاع در تداوم راه شهیدان مقاومت به‌ویژه ""شهید حجت الاسلام والمسلمین سید حسن نصرالله"" در دفاع از ملت و سرزمین لبنان و آرمان فلسطین مظلوم را از خدای قادر متعال خواستارم. رئیس ستادکل نیروهای مسلحسرلشکر پاسدار محمد باقری انتهای پیام/+"
